Company Name,Company Website
6Homes,http://www.6homes.com/
A Man & His Cave,https://amanandhiscave.com/
ADBO WORLD PTY LTD,https://adboworld.com.au/
Addbuild Additions,http://www.addbuild.com.au/
Adjusta Mattress,https://adjustamattress.com.au/
AirTouch Smart Air Conditioning,http://www.airtouch.net.au/
Alpine Spas,https://alpinespas.com.au/
Amplimesh,https://amplimesh.com.au/
ANTIQUE FLOORS,http://www.antiquefloors.com.au/
Aqua Blade - Window Cleaning System,http://www.eurolux-australia.com.au/
Aquapick Australia,https://aquapick.com.au/?srsltid=AfmBOoq7Z7maMqiWmNt5sWbpVBWZ31Rd1e4G431an9qvgdWYq1VyFOTq
Attic Group,https://atticgroup.com.au/
Auslock,https://www.auslock.net/
Aussie,http://field%20not%20found%20or%20empty/
Aussie Hoses,http://www.aussiehoses.com.au/
Aussie Kitchen Gadgets,http://aussiekitchengadgets.com.au/
Aussie Lifts Pty Ltd,http://www.aussielifts.com.au/
Australia RS Doors&Windows Pty Ltd,https://www.rswindows.com.au/
Australian Deck & Handrail Association,https://adhra.com.au/
Australian Outdoor Living,https://www.australianoutdoorliving.com.au/
Baineng Kitchen,http://www.bainengkitchen.com.au/
Bas and Co Design Office,http://www.basandco.com/
BetaView Aluminium Windows & Doors,http://www.betaview.com.au/
Better Built Homes,https://betterbuilthomes.com.au/
"Better Living Australia - Therapeutic Adjustable Massage Beds",http://www.betterlivingaustralia.com.au/
Beyond Bank,https://www.beyondbank.com.au/
Biowood,https://grmaustralia.com.au/biowood-composite-wood/
Branching Out Co.,https://www.branchingoutco.com.au/
Brickworks,https://www.brickworks.com.au/
Brunswick Aces,https://brunswickaces.com/
Build Buddy,https://www.buildbuddy.au/
Coastal Lifts,http://www.coastallifts.com.au/
Cobb & Co Blinds,https://ccblinds.com.au/
Coldbuster Floor Heating,https://www.coldbuster.com.au/
Complete Stone Care,https://stonerestoration.com.au/
Cozie Home Elevators,https://www.coziehomelift.com.au/
Designer Eco Tiny Homes,https://www.coziehomelift.com.au/
DIY Granny Flats,https://www.diygrannyflat.com.au/
Domayne Auburn & Castle Hill Bedding,https://www.domayne.com.au/
Easy Fall Guttering Pty Ltd,https://easyfall.com.au/
Eden Orchards,https://edenorchards.com.au/
Electrifying Australia,https://www.electrifyingaustralia.com.au/
Elex Massage Chairs,http://www.elex.com.au/
Evolve Panels Pty Ltd,https://www.evolvepanels.com.au/
Ezy Decking,https://ezydecking.com.au/
Flooring Xtra,https://www.flooringxtra.com.au/
Fowler Homes Pty Ltd,http://www.fowlerhomes.com.au/
Goldenwood Furniture & Interior,https://goldenwoodfurniture.com.au/
Great Water Filters Australia,http://www.greatwaterfilters.com.au/
Green Life Windows,https://www.greenlifewindows.com.au/
Harp Renewables Australia,http://www.harprenewables.au/
HelloFresh,http://www.hellofresh.com.au/
Hi-Craft Home Improvements Pty Ltd,http://www.hicraft.com.au/
Hi-Craft Home Improvements Pty Ltd,http://www.hicraft.com.au/
Highlands Tiny Homes,https://highlandstinyhomes.com.au/
Ideal barn door,https://idealbarndoors.com.au/
Ideate Consulting atf Ideate Investment Trust,https://robotmylife.com.au/
Irest Australia,https://www.irestonline.com.au/
Jetmaster Fireplaces Australia,http://www.jetmaster.com.au/
Kangaroo Courts Australia Pty Ltd,http://www.kangaroocourts.com.au/
KingsBottle,https://www.kingsbottle.com.au/
Kitchen Connection,http://www.kitchenconnection.com.au/
Kobold / ThermomixÂ®,https://thermomix.com.au/pages/kobold-stick-vacuum-cleaners
Linkmax Group Australia Pty Ltd,http://www.linkmaxgroup.com.au/
Livella Underfloor Heating,https://livella.com/
Living with Essential Oils,https://www.livingwithessentialoils.com.au/
Logikhaus Windows & Doors,http://www.logikhaus.com.au/
Louvresky,https://louvresky.com.au/
Luxi Living,https://luxiliving.com.au/
Lysaght,https://lysaght.com/
Mad Design Australia,https://mad-australia.com/
Magen eco Energy,http://www.mageneco.com/
Margaret River Trees,https://www.margaretrivertrees.com/
Miracle Shammy,http://field%20not%20found%20or%20empty/
MODULR+,https://www.modulr.com.au/
Mortgage Choice James Power,http://www.mortgagechoice.com.au/james.power
MOULDBUSTER HOME VENTILATION,http://www.mouldbuster.com.au/
MyPlace,http://www.myplace.com.au/
Narwal Australia,https://narwal.net.au/
Natural Cork Co,https://naturalcorkco.com.au/
NATURAL TIMBER STONE,https://naturaltimberstone.com.au/
Neospec Windows and Doors,https://www.neospec.com.au/
New Edge Kitchens and Joinery,http://www.newedgekitchens.com.au/
NEWSTYLE DIRECT,http://www.newstyledirect.com.au/
NRN - National Renewable Network,https://nrn.com.au/
NSW Environment Protection Authority,https://www.epa.nsw.gov.au/
Ochre Living,https://ochreliving.com.au/
OH Bubbles,http://www.ohbubbles.com.au/
Opening Roof Specialists,https://openingroofspecialists.com.au/
OSIM,http://www.osim.com.au/
OSMEN,https://osmen.com.au/
OZ DESIGN BUILD,https://ozdesignbuild.com.au/
Oztech Sparks Electrical Pty Ltd,http://www.oztechsparks.com.au/
Ozzy Backyards,https://ozzybackyards.com.au/
PainPod,http://www.thepainpod.com/
Peggs - Australia's Favourite Portable Clothesline,http://www.peggs.com.au/
Platinum Security Systems Pty Ltd,https://platinumsecurity.com.au/
Power Ideas,http://www.powerideas.com.au/
Prestige Floor,http://www.prestigefloor.com.au/
Prima Industry,http://www.primabuilder.com/
Rate Money,https://www.ratemoney.com.au/
Reno Logic Sydney,http://www.renologic.com.au/
Robot Mowers Australia,http://www.robotmowersaustralia.com.au/
Roof Scoop Ventilation,http://www.roofscoop.com.au/
RPC Promo Pty Ltd,https://rpcpromo.com.au/
Sanden International,http://www.sanden-hot-water.com.au/
"Security Plus Shutters, Doors & Blinds",https://securityplusshutters.com.au/
Shannons Insurance,https://www.shannons.com.au/
Shower Power & RoboPower,http://www.robopower.com.au/
Site Demolition,https://sitedemolition.com.au/
Sleeptime,http://www.sleeptime.com.au/
Solahart Industries,https://solatube.com.au/
Solatube Australia Pty Ltd,https://solatube.com.au/
SPLASHME,http://www.poolautomation.com.au/
SPRIING orthotic insoles,https://www.spriing.store/
Step Flex Orthotics,https://stepflex.au/
STILLA GROUP PTY LTD,https://www.stilla.com.au/
StoneSet Permeable Paving,http://www.stoneset.com.au/
Stonewood Living,https://stonewood.net.au/
SunSpec Pty Ltd,http://www.sunspec.com.au/
SuperSleeper Pty Ltd,https://supersleepers.com.au/
Surf Life Saving Lotteries,https://surflottery.com.au/
The Little Pool Co,https://littlepools.com.au/
The OUTBACK Plunge Pool,http://www.outback.com.au/
Thermawood NSW,https://www.thermawood.com.au/
TIS Control,https://shop.tiscontrol.com.au/
Trex by Hurfords,https://trexbyhurfords.com.au/
Tucker Barbecues,https://tuckerbbq.com.au/
TurmeriX Victoria,https://buyturmerix.com/
UNIQUE WROUGHT IRON PTY LTD,http://www.uniquewroughtiron.com.au/
VALIRYO Body Dryer,https://innovativeliving.com.au/
Vegepod,https://vegepod.com.au/
Vergola NSW Pty Ltd,https://www.vergolansw.com.au/
Vertical Gardens,https://www.verticalgardensaustralia.com.au/
Vikara Saunas,http://www.vikarasaunas.com/
Vitalife,http://www.showtv.com.au/
Warmup Australia,http://www.warmup.com.au/
WindoWow,http://www.showtv.com.au/
Wine Selectors,https://www.winselectors.com.au/
Witzer,https://www.witzer.com.au/
YMOP AUSTRALIA,https://ymop.com.au/
You Studios Photography,http://www.youstudios.com.au/
YT Bathroom,http://www.ytbathroom.com.au/
